{
  "packages": [
    {
      "maintainer": "NBIoT-Hossam",
      "websiteURL": "null",
      "email": "null",
      "name": "NBIoT-Hossam",
      "platforms": [
        {
          "name": "NBIoT-Hossam SAMD Boards (32-bits ARM Cortex-M0+)",
          "architecture": "samd",
          "version": "1.0.6",
          "category": "Contributed",         
          "help": {
            "online": "null"
          },
          "url": "https://github.com/slavaten/NBIoT-Hossam/blob/master/NBIoT-Hossam-1.0.6.zip",
          "archiveFileName": "NBIoT-Hossam-1.0.6.zip",
          "checksum": "SHA-256:5023fb9ac2ef7da555bd927d9291d4d9",    
          "size": "1111097",
          "boards": [
            {
              "name": "NBIoT-Hossam"
            }
          ],
          "toolsDependencies": [
            {
              "packager": "arduino",
              "name": "arm-none-eabi-gcc",
              "version": "4.8.3-2014q1"
            },
            {
              "packager": "arduino",
              "name": "bossac",
              "version": "1.7.0"
            },
            {
              "packager": "arduino",
              "name": "openocd",
              "version": "0.9.0-arduino5-static"
            },
            {
              "packager": "arduino",
              "name": "CMSIS",
              "version": "4.5.0"
            },
            {
              "packager": "arduino",
              "name": "CMSIS-Atmel",
              "version": "1.1.0"
            }
          ]
        }
      ],
      "tools": [] 
    }
  ]
}